Metabolite,F_statistic,p_value,p_adjusted,Significant,VIP_Score
Guanine,2166.1959648204097,2.7313421623571122e-25,1.5650590590306253e-22,True,1.5112993108857784
N-[(2S)-2-Amino-2-carboxyethyl]-L-glutamate,1269.4836860658525,5.58795841897988e-23,1.6009500870377357e-20,True,1.8611476526032669
Ketoleucine,1145.2336744186896,1.556004133779961e-22,2.971967895519725e-20,True,1.664687034832363
Baicalein,930.7720619746337,1.2203038362091416e-21,1.7480852453695952e-19,True,1.7946616361500853
Naringenin,847.5843102467979,3.089615281553102e-21,3.540699112659855e-19,True,1.7158989601728727
Sinapic_acid,577.3288835029498,1.3833899645570606e-19,1.3211374161519929e-17,True,1.7029675463542187
Terephthalate,546.8690749159522,2.3629686996318757e-19,1.9342586641272356e-17,True,1.4961278310840094
Allocystathionine,479.02480146345994,8.729188008014849e-19,6.252280910740635e-17,True,1.806145649295567
Maleamate,315.2884926186946,5.311591413499585e-17,3.3817131999280694e-15,True,1.8133861971778242
2-Naphthol,309.3218238573849,6.403054821474468e-17,3.66895041270487e-15,True,1.8708615773089938
Styrene,298.64409026073736,9.026725446864885e-17,4.702103346412344e-15,True,1.8556662007275642
12-Keto-tetrahydro-leukotriene_B4,290.5232775815178,1.1816530289686622e-16,5.642393213325362e-15,True,1.8059618942285933
Uridine,221.09970959878706,1.684816371186696e-15,6.954041055354924e-14,True,1.6760603544695336
2-Methylserine,220.90767879424118,1.6990676225998067e-15,6.954041055354924e-14,True,1.7842358278728727
D-Ribose,213.9695196505538,2.314671355113771e-15,8.842044576534605e-14,True,1.8857159885130106
Traumatic_Acid,208.18462292545027,3.0179489521446184e-15,1.0808029684867914e-13,True,1.859904931300933
(R)-3-Hydroxybutyric_acid,189.29655402696648,7.563753807284442e-15,2.549429959749403e-13,True,1.7849304068931775
D-Xylose,184.8678158341754,9.502831355094295e-15,3.025067981371684e-13,True,1.640587215466134
Coniferyl_aldehyde,168.76086325674706,2.2839821512658732e-14,6.888009329870238e-13,True,1.7853695468480173
N-Formyl-L-methionine,166.68299754038193,2.5724501532032057e-14,7.370069688927184e-13,True,1.8729702349611563
4-Methylbenzyl_alcohol,151.30317644798396,6.502311237153182e-14,1.7742020661375112e-12,True,1.7607979623608323
N-a-Acetylcitrulline,147.26115750748892,8.421911337757075e-14,2.193525089334002e-12,True,1.813152922250607
Pyridoxal_phosphate,145.8970388067701,9.204285451407944e-14,2.293067636372501e-12,True,1.8560195837558382
L-Homophenylalanine,134.93732879408876,1.9366484057336788e-13,4.623748068689158e-12,True,1.8346181951510487
Pyridoxamine,130.465289734179,2.6674863720716703e-13,6.113878764788268e-12,True,1.7167968613987175
gamma-Glutamyl-beta-aminopropiononitrile,121.93437743560995,5.062636664421586e-13,1.1157272341206035e-11,True,1.8002886591586333
L-Carnitine,117.43507374986027,7.221928483176999e-13,1.5326537114297854e-11,True,1.838235010212176
trans-Ferulic_acid,111.50955732250283,1.1764431263144023e-12,2.4075068263505446e-11,True,1.7251480191242037
Triacetate_lactone,110.57813376000827,1.273042247708856e-12,2.5153558894385325e-11,True,1.8055957622490486
Pantothenic_acid,107.12932046900791,1.714549954648909e-12,3.2747904133794165e-11,True,1.8533538020916966
N-Acetylglutamic_acid,105.11272322404507,2.049187624887037e-12,3.678824612396724e-11,True,1.7753662258677765
Ubiquinone-1,105.08374726161149,2.054491930134296e-12,3.678824612396724e-11,True,1.7303735726767286
Erucic_acid,100.98009952595909,2.9833941880613603e-12,5.180257181088362e-11,True,0.21367124584259828
(S)-Reticuline,99.36847739748853,3.4675694353980254e-12,5.843874372009025e-11,True,1.7135556810899186
4-Methylcatechol,97.94076426250898,3.96934022115832e-12,6.498376990639193e-11,True,1.6794855489252818
Pimelic_acid,96.24673794777084,4.6709394036960404e-12,7.434578550882865e-11,True,1.6728020307303668
Melatonin,94.5106890630224,5.534228698297872e-12,8.570575794931571e-11,True,1.7350257222730336
4-(3-Methylbut-2-enyl)-L-tryptophan,92.51988608274388,6.7465916013627594e-12,1.0173149967318055e-10,True,1.396337705450618
6-Hydroxymelatonin,91.2317495082881,7.685456170950472e-12,1.1291708681934925e-10,True,1.8390916402167359
4-Hydroxystyrene,90.23664961271737,8.509276957631634e-12,1.2189539241807315e-10,True,1.6701228685064429
Kojic_acid,89.77410572373681,8.924887399693412e-12,1.2473074341522744e-10,True,1.7581375737745848
Gamma-Linolenic_acid,84.86415520374585,1.502287929523101e-11,2.049549960992231e-10,True,1.572563625181307
2-Phenylethanol,83.83175649198692,1.6820577177367205e-11,2.2414397029375367e-10,True,1.6227217107945924
Deoxyadenosine,82.49354077205201,1.9512197379063756e-11,2.541020249591712e-10,True,1.3990113529012282
Glycylleucine,78.92801865471142,2.9301372358856303e-11,3.731041413694369e-10,True,1.7491448276180281
Capsidiol,78.62437502357155,3.035727850458613e-11,3.781460996332142e-10,True,1.7926435526847164
N-methyl-L-glutamic_Acid,76.04706878365856,4.120997125541476e-11,5.024109261564396e-10,True,1.694549237216002
"5,7-Dihydroxyflavone",74.71401900865429,4.844887476652446e-11,5.783584425253858e-10,True,1.7818857905690229
Vaccenic_acid,73.35777302994524,5.7276211822849965e-11,6.697810076427148e-10,True,1.807128575837242
N-Succinyl-L-citrulline,69.61852074458979,9.224106058554534e-11,1.0570825543103495e-09,True,0.8286332982454251
N-Acetylaspartylglutamate,68.9303819640215,1.0095023484764059e-10,1.1342055797587856e-09,True,1.7534463080346145
D-alpha-Aminobutyric_acid,67.85104330263121,1.164893787271336e-10,1.2836233463586068e-09,True,1.7428601229385803
4-Hydroxyphenylacetylglutamic_acid,66.55111214728542,1.3879509255319912e-10,1.500558264773266e-09,True,1.4934487324402184
Diosmetin,66.25041966772284,1.4459913111068402e-10,1.5343574467855915e-09,True,1.7725041846294585
9-Riburonosyladenine,63.57067480975383,2.0990629467906443e-10,2.186841942747344e-09,True,1.811653862314355
"3-(3,4-Dihydroxy-5-methoxy)-2-propenoic_acid",61.11650257527006,2.990496811768747e-10,3.021650779853905e-09,True,1.7831824976804762
N-Butyryl-L-homoserine_lactone,61.08167326572878,3.0058306187028374e-10,3.021650779853905e-09,True,1.7361382696674474
Beta-D-Glucose,56.70103305902197,5.845088831294122e-10,5.77454465574402e-09,True,1.7770401667436824
5-Hydroxymethylfurfuryl_alcohol,55.12486092968108,7.509211884373751e-10,7.292844762281626e-09,True,1.7969594855435977
N2-Succinyl-L-arginine,53.38263557665844,9.979699573590508e-10,9.530613092778935e-09,True,1.5527066572339043
N-Acetylmannosamine,53.02411823669422,1.0591993113852362e-09,9.949527957766236e-09,True,1.8022475468033488
Dihydrothymine,51.64334531003101,1.3367097314903026e-09,1.2157693272126085e-08,True,1.6848948952241918
Rivastigmine,51.69047729956081,1.32601512450324e-09,1.2157693272126085e-08,True,0.8748629922960752
Dhurrin,49.566737318872,1.9168672305149924e-09,1.7161951923204542e-08,True,1.7416907915865627
Anhydroglycinol,49.109818325059294,2.0787834319934713e-09,1.832527548511168e-08,True,1.7339085272876096
trans-Cinnamoyl_beta-D-glucoside,48.99896240169211,2.1202969979745933e-09,1.8355004895944722e-08,True,1.0201645615460901
Loratadine,48.930937151147795,2.1462222129638677e-09,1.8355004895944722e-08,True,1.7813524428356526
L-2-Amino-6-oxoheptanedioate,47.24313359041483,2.9155760360679797e-09,2.4568015715690473e-08,True,1.7245388654303457
Ketoprofen,46.277098158069,3.4893992471238998e-09,2.897718505220282e-08,True,1.4664512096010691
Riboflavin,44.89863391201605,4.534936158166697e-09,3.712169169470739e-08,True,1.2999294064811224
"13,14-Dihydro-15-keto-PGE2",44.196936035387424,5.196081190507283e-09,4.193457073465737e-08,True,1.5735372249653057
Maltol,41.90627634910146,8.211307883477162e-09,6.534832523933908e-08,True,1.4614089048945413
Tryptophan,40.02530401615409,1.2152984330058643e-08,9.539260302909044e-08,True,1.6131137855453128
(R)-Pantolactone,39.48895257355475,1.362957079224619e-08,1.0553708194536577e-07,True,1.2279256772414935
Pipecolic_acid,38.99354097817866,1.5170241676696068e-08,1.1590064640995796e-07,True,1.6761593188845674
D-Lyxose,38.36715465078272,1.739883744870232e-08,1.3117807708034775e-07,True,1.6700284792944793
10-Formyldihydrofolate,38.21546244248987,1.799117317836898e-08,1.338823666390315e-07,True,0.6849513490509875
"(3E)-3-[(1R,5R,6S)-5-Hydroxy-7-oxabicyclo[4.1.0]heptan-2-ylidene]-2-oxopropanoate",38.12230610099014,1.8365907759825235e-08,1.349187839279469e-07,True,1.6226112816092868
beta-Hydroxyarginine,37.14556472267021,2.2856525984890248e-08,1.637098673667764e-07,True,1.6971928342268663
L-Arginine,37.18786063998494,2.263879206964749e-08,1.637098673667764e-07,True,1.7607359459034682
Biochanin_A,36.56075513667376,2.6115486209950432e-08,1.8474288392964934e-07,True,1.5671713809857677
Aflatoxin_B1,36.3642917379507,2.7322435737693697e-08,1.9092384972803035e-07,True,1.4791511090018792
2-Methoxy-4-vinylphenol,35.80792191743583,3.108641494116899e-08,2.1460862362999796e-07,True,1.3317570358980848
threo-3-Hydroxy-D-aspartate,34.130854253293364,4.634818464574687e-08,3.1616083097634474e-07,True,1.6909272279825158
O-Acetylcarnitine,33.21914530397843,5.7985261744426056e-08,3.9088888211242504e-07,True,1.7460556892078556
25-Hydroxycholesterol,32.52445097081852,6.901351493787443e-08,4.598226053418843e-07,True,0.18573631963568002
L-threo-3-Methylaspartate,31.55191569634864,8.852191603645298e-08,5.830236538952593e-07,True,0.9540473923867799
Pseudouridine,30.90996842890701,1.0469278534104712e-07,6.816927954593181e-07,True,0.36628704423803465
Methyl_jasmonate,30.419879294348824,1.1922812365744422e-07,7.676147736597252e-07,True,1.585696636086171
Tryptophanamide,30.020871255008295,1.3270724915894732e-07,8.44902819645298e-07,True,1.2272450271233548
Saccharopine,29.524420387164636,1.518704293766988e-07,9.562830333280044e-07,True,1.71626681504329
5'-Oxoinosine,28.433581688251788,2.0560068273032165e-07,1.2805346870051555e-06,True,0.8535048871319949
Nopaline,27.937145903979726,2.367200950220813e-07,1.4585012306199202e-06,True,0.6201494725197932
L-Lysine,27.81812524493091,2.4492841941860484e-07,1.4930211098602189e-06,True,0.23586894760035276
"(2R,5S)-2,5-Diaminohexanoate",27.647856057063798,2.572204790206658e-07,1.5514456260930686e-06,True,1.2305129345988723
Nornicotine,27.21454410759346,2.916747171190225e-07,1.7409334678041656e-06,True,1.680972015666355
GMP,26.974273352461655,3.129451939744507e-07,1.8486350118284565e-06,True,1.6971375261181707
L-Dopa,26.22806896390857,3.906601935866426e-07,2.2841662339300632e-06,True,1.1302111948079447
Pelargonic_acid,25.897310597504205,4.3170735898455726e-07,2.498669865637892e-06,True,1.483517165163469
Tyramine,25.503952439665255,4.868116776778825e-07,2.789430913094267e-06,True,1.6608021205935508
Cyclopeptine,25.386252915079556,5.047703723025781e-07,2.863697260686903e-06,True,1.2845020813926362
D-(+)-Glucose,24.78632549947943,6.083886175610763e-07,3.4177125280636935e-06,True,1.5693642518323434
Benzamide,24.612947332056365,6.425383937490881e-07,3.574509705031335e-06,True,1.2730951993294533
4-Guanidinobutanoic_acid,24.191654194807178,7.346416277014225e-07,4.047592814162645e-06,True,1.6689953194412304
Aspartame,23.611342350909563,8.861443260452882e-07,4.835816179275716e-06,True,1.428963410401628
N-Acetyl-L-2-amino-6-oxopimelate,22.94103901342397,1.1053368824074527e-06,5.975075788862928e-06,True,0.3457146038065249
gamma-Glutamylalanine,22.781309987939924,1.165960518226157e-06,6.2438820275101686e-06,True,1.6542508630507604
Thyrotropin_releasing_hormone,22.73589058332364,1.1838599959358436e-06,6.281034978437392e-06,True,1.631754542882985
Carnosine,22.25254445542037,1.3942521235762173e-06,7.329417126689656e-06,True,1.6829206523276368
Benzoate,22.148915267419103,1.4445226455630482e-06,7.5246497809784235e-06,True,1.3504341805873616
Fluconazole,22.029568293966825,1.5049016022415802e-06,7.768546108868697e-06,True,1.2205668072547349
Undecanoic_acid,21.896561490847713,1.575480864992217e-06,8.060272639647682e-06,True,1.4963182259866263
Dioxacarb,21.738136224956,1.6643372500015282e-06,8.439515435848457e-06,True,1.3147515133592718
Pterin,21.65234489105426,1.7147447048520635e-06,8.612934938332496e-06,True,1.3712002844440594
N-Acetyllactosamine,21.629249893215697,1.7285995076932582e-06,8.612934938332496e-06,True,0.2411516705526818
Sebacic_acid,21.593668999386576,1.7501861804820243e-06,8.64531621910517e-06,True,1.6183235735271002
6-Methoxymellein,21.473321660296104,1.8254260326564075e-06,8.939906980445483e-06,True,1.301942334005662
Glutarate_semialdehyde,21.168114231048808,2.0326837160970736e-06,9.870574316301891e-06,True,1.582139669362767
Tyrosol,20.948129210929526,2.1980966738789672e-06,1.058411255573654e-05,True,1.53141600749992
Benzaldehyde,20.68757416043161,2.413433178690585e-06,1.1524143428247544e-05,True,0.7370912499677594
Shikimic_acid,20.444627111302726,2.635264052528371e-06,1.2479390926436005e-05,True,1.6202915762337364
5-Aminopentanoic_acid,20.40805515286316,2.670557576126273e-06,1.254286468131438e-05,True,0.3889198307925742
Galactaric_acid,20.190606165401544,2.891441768113104e-06,1.3469887261209827e-05,True,1.409906576249831
Phenylethylamine,19.525789801247573,3.7013194286401687e-06,1.7103677682345298e-05,True,1.5483333790359284
Deoxyinosine,19.456885407736806,3.7986022506865438e-06,1.7412792717147118e-05,True,1.4305566228433464
(S)-2-Phenyloxirane,19.1196527571586,4.317094797467649e-06,1.9632502531340974e-05,True,1.5666086640308685
Anisomycin,19.051275505912894,4.431444014456623e-06,1.9993837954989332e-05,True,1.5419760233760793
Daidzein,18.980709842471104,4.552955079028642e-06,2.0381587970964156e-05,True,1.6102241990850714
Antiarol,18.736389388456605,5.002820494778545e-06,2.2221830569830282e-05,True,1.4183229577960872
Imidazol-5-yl-pyruvate,18.569176285957774,5.3388088702608716e-06,2.3531826789688303e-05,True,1.5989298233410294
"1,5-Naphthalenediamine",18.428761729631784,5.640159592229488e-06,2.4670316384332035e-05,True,1.6424304001380707
N-Acetyl-D-tryptophan,18.390918775271256,5.724541566037945e-06,2.484971452530108e-05,True,1.4756435996370387
3-Methyladenine,18.350151147480165,5.817001006182553e-06,2.506121486122258e-05,True,1.239279209686873
D-Mannonate,18.183950128115587,6.211299359405711e-06,2.6560257708503527e-05,True,1.2228250295105205
Indoleacetaldehyde,18.140198940909038,6.319918411624739e-06,2.682454259156278e-05,True,0.4061190888078771
N5-(L-1-Carboxyethyl)-L-ornithine,18.085261596884052,6.459276724958043e-06,2.7112513074123186e-05,True,1.539048697555044
Amino_acid(Arg-),18.07627278151281,6.482398413882856e-06,2.7112513074123186e-05,True,1.4205446825478345
Linoleic_acid,17.724295532185295,7.463432249885569e-06,3.0989468689742254e-05,True,1.2436855206424842
Dihydrofolic_acid,17.610291791709045,7.81532710780703e-06,3.221713980412538e-05,True,1.284716391673781
Kynurenic_acid,17.443008817481655,8.365145777271157e-06,3.423734664554552e-05,True,1.103853608281726
Luteolin,17.404077576056018,8.499116883426922e-06,3.4538964356054085e-05,True,1.5231505116035788
"3,4-Dihydroxymandelic_acid",17.235559696813667,9.106860837258404e-06,3.674810746302159e-05,True,1.3782411751664716
Ibuprofen,16.79366472977378,1.093992595260625e-05,4.383620678911455e-05,True,1.61295594896189
all-trans-Retinoic_acid,16.74093914303623,1.118446195283414e-05,4.450483818731918e-05,True,1.2421589910997277
D-Octopine,16.599380544095414,1.1871238527190887e-05,4.6911859835037085e-05,True,1.5963832511911278
Creatinine,16.349125499179323,1.3201640711298828e-05,5.181191868201526e-05,True,1.4656607721273307
Enterolactone,15.395122994584733,2.000277721520207e-05,7.797000914497133e-05,True,1.3968030947669134
4-Hydroxy-3-methoxy-cinnamoylglycine,15.004772748052352,2.383035024598917e-05,9.226209926318782e-05,True,1.0706212714880927
N-Acetylserotonin,14.944764282486767,2.448713924239816e-05,9.416866299257815e-05,True,1.5915805408552357
3-Methyl-L-tyrosine,14.515229900576811,2.9812479377159345e-05,0.0001138836712207487,True,1.5841116295466655
8-Hydroxyquinoline,14.111319509241003,3.600059050439601e-05,0.00013661151231138355,True,0.889976862673811
Oxoadipic_acid,13.493826635979918,4.836929125402809e-05,0.00018233949926682954,True,1.552756766452661
Benzoylecgonine,13.436875328617319,4.972676721277873e-05,0.0001862316183851125,True,1.4732463702580567
(S)-beta-Tyrosine,13.401177001734117,5.0598980124867496e-05,0.00018826763384122776,True,1.2057430469570023
Biotin,13.379342934897867,5.114072741157196e-05,0.0001890557213343918,True,0.6524328091539399
24-Methylenecycloartanol,12.916055072055137,6.427947096891388e-05,0.00023610344144351058,True,1.051494506113284
Phosphohydroxypyruvic_acid,12.744280505506477,7.006002846558921e-05,0.0002556967917884243,True,0.32317390470946733
Melibiose,12.645801833031028,7.363005362799117e-05,0.00026702544765087936,True,1.0758123020678945
Porphobilinogen,12.420177636318542,8.258694525317337e-05,0.0002976246517614361,True,1.5282049410744472
Nicotine,12.206913110529728,9.216417423132902e-05,0.00032801286853758715,True,1.4801998958577558
5-Amino-2-oxopentanoic_acid,12.207400962947192,9.21409194484599e-05,0.00032801286853758715,True,1.3553091035671347
N-Acetyl-D-phenylalanine,11.95820968614636,0.00010490379601483313,0.00037104861183024306,True,1.3104402708373235
Sphinganine,11.934166843063815,0.00010623443489506164,0.00037344988463110625,True,1.1839710996503032
myo-Inositol,11.8419426476644,0.00011151323897362648,0.00038961637763346326,True,1.4808375422846183
Bilobalide_A,11.776535497098974,0.00011543159527435796,0.00040086244904367945,True,1.389603445946231
DHHA,11.71633477175173,0.0001191720494110072,0.00041058460989215856,True,1.335658481733757
Quercetin,11.708567498610504,0.00011966427548340398,0.00041058460989215856,True,1.4869660023584517
Hydroxyphenyllactic_acid,11.306240089783048,0.00014849006347108555,0.0005034603927155741,True,1.495339275318048
"2,6-Dimethylaniline",11.31401376933476,0.00014786564539083475,0.0005034603927155741,True,1.119418308648131
Quinate,10.673190003674781,0.00021054328739611794,0.0007096547275175034,True,0.21704382889529766
"(1R,6S)-6-Amino-5-oxocyclohex-2-ene-1-carboxylate",10.549192086534466,0.00022576922102216738,0.000756524933600596,True,1.1287514650203614
allopurinol,10.386233253388987,0.0002476481559168103,0.0008250139147693737,True,0.8513227065615535
PGA1,10.369302324873248,0.00025005163562463934,0.000828205706433054,True,1.3310265768308491
Phenylacetaldehyde,10.295472068513359,0.0002608360808328929,0.0008589601972255612,True,1.0814791545324476
L-Cystine,10.028111451674064,0.0003043817003693361,0.0009966326532093118,True,0.5111311488945814
Brevianamide_F,9.880849009739409,0.00033173320335617876,0.0010800177586539228,True,1.3656451081299823
3-Dehydroshikimate,9.794668127122735,0.00034898446112186464,0.0011291642433572213,True,1.13305356332532
Tryptophanol,9.786016246008536,0.00035077004418426766,0.0011291642433572213,True,1.213776783459137
N(omega)-Hydroxyarginine,9.704157137916306,0.0003681696172249326,0.0011785541378205942,True,1.1809971054977388
trans-Isoasarone,9.476201022219948,0.0004218223904016137,0.0013428012761118036,True,0.9506640580577562
1-Hexadecanol,9.292388409522939,0.00047135738286234935,0.0014921976816581557,True,1.4130713553719902
Dopamine,8.950647524087746,0.0005813235235109179,0.0018302108734711865,True,1.259442159107945
N(omega)-Nitro-L-arginine_methyl_ester,8.768752133336827,0.0006511208023730345,0.0020387552992336,True,1.3547074602359481
L-Alanyl-gamma-D-glutamyl-L-lysine,8.646881146842322,0.0007030119996446702,0.002189271064110848,True,1.2732497879308784
"(3S,5S)-3,5-Diaminohexanoate",8.626388262582498,0.0007121753792102227,0.0022058188772295004,True,1.1076596460087518
2-Hydroxybutyric_acid,8.56475336469292,0.0007405347224254137,0.0022813247094073228,True,1.2871356028319094
Acetylcholine_,8.532983477595574,0.0007556348928734925,0.0023153946182701136,True,1.2892483266454826
N-Acetylleucine,8.454334264311372,0.0007944909469653933,0.0024215069819743104,True,1.389348703958563
D-2-Hydroxyglutaric_acid,8.415041557884386,0.0008147203878008919,0.002470025302697942,True,1.2788398295940062
1-Methylnicotinamide,8.346984985315343,0.0008511093086598667,0.002566766494011072,True,1.128555468442142
N2-Succinyl-L-glutamic_acid_5-semialdehyde,8.26208468053094,0.0008990265516737034,0.0026970796550211105,True,1.2535878864891667
D-Psicose,8.077244587650178,0.0010139189727342806,0.0030259144342538687,True,0.4516214732839364
Tyrosine_methylester,7.876918112647673,0.0011569325541259062,0.0034348308472235455,True,1.288757728977203
IPA_imine,7.787640683057697,0.0012276791490656751,0.0036260832598692364,True,1.2026921322339181
Tetrahydroharmine,7.772102272477508,0.00124047052082784,0.0036450749150479605,True,1.1685169838678549
Tetrahydrodipicolinate,7.7623824611590155,0.001248546255038364,0.0036500867558009313,True,0.4141363626357952
Acetylphosphate,7.617583510664151,0.001375939453866281,0.004002098005408015,True,0.5466935803186536
"9,10-DHOME",7.552970332908228,0.0014373305198867189,0.0041595474136115656,True,1.1939528469725413
Fisetin,7.499468992991316,0.001490440516232574,0.0042915699286495725,True,0.9359249742864648
N-Acetyl-L-aspartic_acid,7.46055500439211,0.0015304213822296662,0.004384657260087994,True,1.2837717977473306
cis-4-Hydroxy-D-proline,7.440796745182245,0.001551170383314005,0.004421993182283208,True,1.027356382561054
"3,4-Dihydroxybenzaldehyde",7.401353316724719,0.0015935205092115138,0.004520233919694047,True,1.382862991551495
Pyrimidodiazepine,7.331515897331914,0.0016716489774005923,0.004718496867244036,True,1.0503975803332393
Dihydrouracil,7.307441711627168,0.0016995471678565082,0.004773728074420487,True,1.3367081789142423
Caffeate,7.287721118629808,0.0017227808079173694,0.004815382453349525,True,1.2399694259397478
7-Methylguanine,7.209135225921509,0.0018188868255124917,0.005010683418358932,True,0.4465447269531182
Linatine,7.214008295876795,0.0018127593968806275,0.005010683418358932,True,0.7127535869798772
Hippuric_acid,7.210568348663476,0.0018170824539676285,0.005010683418358932,True,1.164697417332378
2-Heptanone,7.053917176469441,0.0020264543649348176,0.005555781584247132,True,1.1182538821845893
HC-toxin,6.998184981581216,0.0021072098792443866,0.005749672670509683,True,1.3585475790168884
Mefloquine,6.981303325077827,0.002132362531054038,0.005773728770792761,True,1.0377357200460984
L-Glutamine,6.978760996603922,0.0021361788820385085,0.005773728770792761,True,1.2892515141653653
7-Methylxanthosine,6.880180049856645,0.0022900949758171583,0.006160678033536299,True,1.2371566169285326
Methylisoeugenol,6.693363033502719,0.002616223774520698,0.007005122536450281,True,1.2908845744452278
Phenyl_acetate,6.677665430029315,0.0026458624446714374,0.00705153107347318,True,1.2616802134563827
Citrulline,6.60664904593916,0.002784625496880477,0.007386992637557932,True,1.3488274496083499
2-Keto-6-aminocaproate,6.594066448255269,0.0028100332208062934,0.0074200416383502586,True,1.212132946067393
3-Amino-4-hydroxybenzoate,6.570279968723056,0.0028587615870978465,0.007514084355078285,True,1.1704163126269744
Prunasin,6.402397941997164,0.0032301888460036033,0.008451589994338194,True,1.020512289109448
Isochorismate,6.211355248727319,0.0037184318472422225,0.009684824765771788,True,0.33830643662871535
(S)-1-Phenylethanol,6.123349504379059,0.003970081282290597,0.010293468664038515,True,0.5692418705657228
D-Galactose,6.084740976616916,0.004086317997822681,0.010547118075461244,True,1.249624406541677
N2-gamma-Glutamylglutamine,5.9217003836590525,0.0046199738005933315,0.01187105375668152,True,0.6081514210460288
Adipate_semialdehyde,5.694163286226457,0.005496515027650593,0.014060281744838348,True,1.158597496682361
Indolelactic_acid,5.5010891317621535,0.006384015854741942,0.016257960376742812,True,1.2833387809410985
D-beta-Phenylalanine,5.442659244740757,0.006682652383947219,0.016943185026556444,True,0.2845043154422488
Nicotinic_acid,5.40576721095808,0.006879060791461134,0.017341825625180496,True,0.9544806274211114
Isopimaric_acid,5.401826281510804,0.006900412290647737,0.017341825625180496,True,1.1992316435283392
Homocitrulline,5.393352054620097,0.006946570632065231,0.017381593764949244,True,0.8961193123857932
Betaine,5.35706025544166,0.007148105026228034,0.017808105130559405,True,0.9124224130437436
3-Hydroxyanthranilic_acid,5.195147248075956,0.008128548418937766,0.02016302270152095,True,1.1335378718986544
Prostaglandin_J2,5.128947206455476,0.008570992937842442,0.021168874799067754,True,0.6871736260117758
N-Acetylornithine,5.1181927922105395,0.008645324142899083,0.021260818600348386,True,1.1741228579724279
(5-L-Glutamyl)-L-glutamate,5.112816005814974,0.008682750845647439,0.02126160783998283,True,1.0679576377962674
D-allo-Isoleucine,5.033149218918306,0.009258557814715953,0.02257512182056273,True,0.411539592437488
Hypoxanthine,5.019250928584217,0.009363221991529792,0.022733585598078688,True,1.2287808863476313
Phenylpyruvic_acid,4.994961628605712,0.009549256502258774,0.02308744293584083,True,1.029354284025937
D-Lysopine,4.923514817757523,0.010120296785169635,0.024365252344126898,True,1.2479166357962639
3-Benzylmalic_acid,4.9017439919215615,0.010301639367686424,0.02469807262629423,True,0.21875707325082713
Oxoglutaric_acid,4.845699134107873,0.010785016142780568,0.02574922604088861,True,1.241718787918091
Spermidine,4.790733518010078,0.011283248131478484,0.02682697584787208,True,1.1847991103542896
2-Hydroxycinnamic_acid,4.78534051123475,0.01133347095664165,0.02683503660394903,True,0.29628921398447444
L-Serine,4.7638709405543755,0.011535842773148102,0.027201802094707253,True,0.9085288298931243
13-L-Hydroperoxylinoleic_acid,4.710315400075291,0.012058069069508699,0.028316694987001987,True,1.1918957758210023
Capric_acid,4.665328596148562,0.012516719029631987,0.029273795934608687,True,0.7540888997055248
Emodin,4.628266569972194,0.012908897787647792,0.03006828631025278,True,1.0736011682655275
L-Histidine,4.622791066767808,0.012967966717210804,0.03008358270834733,True,1.071156053083937
4-Quinolinecarboxylic_acid,4.6161001259363665,0.0130405485579643,0.030129977111748165,True,1.1664243697190193
(2S)-Liquiritigenin,4.556820548142469,0.013703321072749828,0.031531039224086996,True,0.6686681217845464
D-Tryptophan,4.552157244935317,0.013756997916268322,0.031531039224086996,True,0.41444569741228443
Asymmetric_dimethylarginine,4.5112448858556995,0.014237880052226225,0.03250320824671565,True,0.9983018372102094
Alpha-D-Glucose,4.489685508690994,0.014498644879653733,0.03296715680968884,True,0.5403196594948041
N-Acetylneuraminic_acid,4.344496380638945,0.016396481017798576,0.03713511313517227,True,0.7081941593793734
(-)-Jasmonic_acid,4.290024540282634,0.017177063597855136,0.038749832447129894,True,0.7878564967720686
Subaphylline,4.181022210234406,0.018863577943730177,0.04228656593444726,True,1.0846717219824278
"9,10-Epoxyoctadecenoic_acid",4.179038144279133,0.018895902304762565,0.04228656593444726,True,0.592614358218676
D-Glutamine,4.174734438424345,0.018966225907771285,0.04228656593444726,True,1.026610982460857
4-Acetamido-2-aminobutanoic_acid,4.163213220189668,0.019155893384615142,0.042543902749552234,True,1.1001561400803943
Imperatorin,4.128069242794258,0.01974733500339217,0.0436881195248792,True,1.159255116628838
Phenacetin,4.026564678046593,0.021570211262053537,0.04753742712752568,True,0.7236126470306168
Bufotenin,4.019607071897003,0.021701708821644364,0.04764398143602384,True,0.49404474373175317
(S)-2-Methylmalate,3.9763976146552515,0.022538166268826723,0.049223551163732226,True,0.12032080268415454
Syringic_acid,3.973625838817621,0.02259300864932212,0.049223551163732226,True,1.0752903653028574
2-Naphthylamine,3.8622346625647204,0.024921914418026263,0.05409188243003428,False,1.1453306253503979
Hydroquinone,3.8429186602829275,0.025351731045586988,0.05463121011071798,False,0.8927182682030983
Phthalic_acid,3.842502250187376,0.025361085321903985,0.05463121011071798,False,1.1220263103540113
Apigenin,3.828852370658927,0.02566980678594621,0.05508913591141266,False,0.40320358606448614
CMP,3.8174983302570475,0.025929719382644264,0.05543928808304166,False,1.0364192038522786
L-Aspartic_acid,3.7059866195353006,0.02864016138724887,0.06100673782488328,False,0.8883391291217421
Diphenylamine,3.597702930398552,0.03156934222888597,0.06699715961908023,False,0.22471226522664506
1H-Indole-3-acetamide,3.5710099538374123,0.032340420295367864,0.06838029826289958,False,0.7188459309853401
Diaminopimelic_acid,3.5642014104404307,0.03254035753464416,0.06840959124842456,False,0.7436684903858267
N-Acetyl-D-glucosamine,3.562414574023488,0.03259305132778343,0.06840959124842456,False,1.1295988722514356
Anabasine,3.425761341327307,0.036911200909542224,0.07719021212104998,False,0.5917675841799156
Azelaic_acid,3.3813050112933825,0.038446891920002786,0.08001630256937332,False,0.8234071800714139
Selegiline,3.3786186786466024,0.03854188396011699,0.08001630256937332,False,0.16918439632767449
Kaempferide,3.3727620086074928,0.03874986704155894,0.08015766720149195,False,0.8641186300580868
L-Ribulose,3.347072857868171,0.039676638426368774,0.0817795461090263,False,0.9085165536267967
4-Hydroxycinnamic_acid,3.2039084106407336,0.04530200937408933,0.09303961065001143,False,0.9992114010869123
2'-Deoxyguanosine,3.175152298432546,0.04653300739564017,0.09522647584893505,False,0.7340066636466809
"3,4-Dihydroxyhydrocinnamic_acid",3.158555364386899,0.04725994786872158,0.0961674789286516,False,0.770101378321231
Enalaprilat,3.157004578562896,0.04732849748321074,0.0961674789286516,False,0.8801282243011336
Pyrrolidonecarboxylic_acid,3.1410500315662686,0.048040024612110425,0.09709044267242942,False,1.063134423767567
Thymidine,3.139236892251922,0.048121615565392586,0.09709044267242942,False,0.8203631780803591
D-Alanyl-D-serine,3.1214237939607856,0.0489312276342055,0.09837752082245527,False,0.5958484332570172
6-Hydroxyhexanoic_acid,3.044757780116006,0.05258793237828574,0.10535973864600605,False,0.9148636346394884
Nalpha-Methylhistidine,3.023882812870904,0.053634066854468025,0.10708125542721317,False,0.1726262265034901
(S)-3-Methyl-2-oxopentanoic_acid,3.0197503810257613,0.053843817744480084,0.10712676238745517,False,1.0467955577086947
L-Methionine,2.932618874845696,0.058479365373222195,0.11594697702026409,False,0.68124825829038
gamma-L-Glutamyl-D-alanine,2.8953029300185547,0.06059499416003202,0.1197273505299943,False,1.0533697349101037
5-Hydroxymethyl-2-furancarboxaldehyde,2.8286371193705073,0.06458320552207103,0.12716899231665532,False,0.2157947749116038
Prephenate,2.8241431988874064,0.06486205977334972,0.12728068578811433,False,1.0133385446757037
"4,5-Dihydroorotic_acid",2.783747997138548,0.06742775970198539,0.13161482031661767,False,0.7161078970887158
Erythritol,2.7821710062791842,0.06753011723051587,0.13161482031661767,False,0.8855099379492947
N-Alpha-acetyllysine,2.7341709280455153,0.07072721521910307,0.13737862481541036,False,0.5804166004600038
(Z)-4-Hydroxy-6-dodecenoic_acid_lactone,2.716695390821094,0.0719313883516795,0.13877671894111904,False,1.0300099414250523
Deoxyribose,2.7194921625623394,0.07173719782209555,0.13877671894111904,False,0.7049581189480923
2-Keto-6-acetamidocaproate,2.6994032514413084,0.0731446939346912,0.14064399202878541,False,0.17052052549384844
Gulonic_acid,2.6684414061639536,0.0753725595293605,0.14444306558636644,False,0.6874775402363292
(2S)-2-{[1-(R)-Carboxyethyl]amino}pentanoate,2.6591521814417676,0.07605513420111358,0.14526530632412693,False,0.9196414799542761
Adenine,2.6012636739581687,0.08046157246890996,0.1531710333046027,False,0.7056630394043547
2-Aminophenol,2.5922448246152543,0.08117246267009379,0.15401265268199915,False,0.6889036152386692
2-Oxoarginine,2.570119794080417,0.082945183993316,0.15645794988172199,False,0.5830714077824486
Imidazoleacetic_acid,2.569353050785313,0.08300735909955234,0.15645794988172199,False,0.4442699121336295
Isoquinoline,2.5583891702228336,0.08390191959592892,0.15762557353595827,False,0.9714221547175795
Acetylcysteine,2.516305830109408,0.0874329720696872,0.16372252613049268,False,0.9119937689375761
Schaftoside,2.50477553916826,0.08842805846781156,0.16504650652135514,False,0.2747132351212183
"3,4-Dihydro-2H-1-benzopyran-2-one",2.4914067362350774,0.08959705809062292,0.16668543599326927,False,0.7535103480127839
1-Deoxynojirimycin,2.46833476113348,0.09165372371799058,0.16995981776831265,False,0.8484167107939647
Tetrahydropteridine,2.437195957452108,0.09451017126927662,0.17469138108805,False,0.22832565002299532
O-Phosphoethanolamine,2.4314284793216645,0.09504964079513958,0.17512361471258836,False,0.10906290755087827
Ciliatine,2.425487139832998,0.09560882680777447,0.17558928769504734,False,0.9473404912212896
"2,5-Dihydroxybenzoate",2.420955950646423,0.09603766286916655,0.17581335726527936,False,0.7032618123062746
Indole,2.4062011597626554,0.09744841791869437,0.17782784543761743,False,0.2444528146660501
Salicylic_acid,2.400846602929278,0.09796586385500651,0.1782045713933928,False,0.805279625577825
(S)-2-amino-6-oxohexanoate,2.395249134501401,0.09850993296480345,0.17862718857225438,False,0.775461258893204
N-Acetylhistidine,2.3737868016461046,0.1006262464927998,0.18188908277720595,False,0.347180507115103
"(2S,4S)-4-Hydroxy-2,3,4,5-tetrahydrodipicolinate",2.3590603478974126,0.10210650094569772,0.18398435547762512,False,0.7896691505499287
L-Glutamic_gamma-semialdehyde,2.3436562727805734,0.10367984591064917,0.18619081972645724,False,0.7941803837768423
Mexiletine,2.340737172702317,0.10398091154008082,0.18619081972645724,False,0.7017770363844096
4-Acetamidobutanoic_acid,2.3096056399432525,0.1072505261484485,0.19109015699908685,False,0.613424011695062
L-Malic_acid,2.3083564482069323,0.10738399747592664,0.19109015699908685,False,0.5440309276195718
m-Coumaric_acid,2.3018680155317246,0.10808012469866257,0.1917334719886491,False,0.8508643631783152
N(6)-Methyllysine,2.271407570306588,0.11141324962707877,0.19691210544477505,False,0.5209313645184013
Glycitein,2.2689526454540974,0.11168662176187068,0.19691210544477505,False,0.7134754109150463
Xanthoxylin,2.2223017211016085,0.11701999398509426,0.20568238206582518,False,0.8842919373074367
Ergothioneine,2.2090642304917054,0.11858241523627158,0.20736260727240297,False,0.9388824706628264
trans-Cinnamate,2.208077959441342,0.11869971236535456,0.20736260727240297,False,0.09289858270558032
"3,4-Dihydroxybenzeneacetic_acid",2.175450550450675,0.12265068927377737,0.21306624763767554,False,0.5209016056364477
2-Hydroxy-6-pentadecylbenzoic_acid,2.1734247396332522,0.12290058157536526,0.21306624763767554,False,0.1690046039186987
D-Arabinose,2.1719717061867247,0.12308015352193823,0.21306624763767554,False,0.24847539168768878
Dodecanedioic_acid,2.1237221319975026,0.12920463768500856,0.2229947511852708,False,0.503119370403472
L-Homoserine,2.0998354658247287,0.13235597427992657,0.22774766745464842,False,0.896396929588772
Labetalol,2.093694602503038,0.13317927234644678,0.22847821273806587,False,0.578566767852673
Uracil_5-carboxylate,2.0796675430204883,0.13508035571387447,0.23104789201208978,False,0.414845225028598
N(alpha)-Benzyloxycarbonyl-L-leucine,2.0742669782271967,0.13581996500863963,0.2316215474700908,False,0.9316236470393959
Deoxycytidine,2.045271862021872,0.1398651007187528,0.23781217421912565,False,0.8667446577919232
Resveratrol,2.038981542190088,0.14075944229489074,0.2386247350147112,False,0.7225202881647048
Tris(butoxyethyl)phosphate,2.0264142103684164,0.14256446072799386,0.24097178760218432,False,0.42711898454391867
D-Proline,2.0231097903157345,0.14304313420041906,0.24106975263776506,False,0.33717330434536813
1-Aminocyclopropanecarboxylic_acid,2.0128574057646382,0.14453916131964778,0.24287665523800053,False,0.6748380964352457
L-Cystathionine,2.001512294005251,0.1462139991565182,0.24497257753416646,False,0.7741761329070339
2-Isopropyl-3-oxosuccinate,1.970081616247704,0.15096232202170703,0.25219070121993625,False,0.788665117778162
Catechol,1.9637329576461813,0.15194110874806216,0.25308795149023144,False,0.4180348533007438
2-Oxo-4-methylthiobutanoic_acid,1.9555304425084938,0.15321566670114728,0.2544712377384272,False,0.441233910848983
Cuminaldehyde,1.9421978066524814,0.15531157611061552,0.2568610811443899,False,0.2070850587200435
Lichenin,1.9406861009850003,0.15555112592862702,0.2568610811443899,False,0.7818674765966298
Epiandrosterone,1.9330254337247732,0.15677108270158127,0.2581316965172588,False,0.3103757230595128
Indole-3-acetate,1.9128034309402562,0.16004027472781632,0.2612623288291702,False,0.3743296805728296
gamma-Glutamyltyramine,1.9135973389810534,0.15991057789673643,0.2612623288291702,False,0.7150212858622929
D-Fructose,1.9181533011316332,0.15916843720719148,0.2612623288291702,False,0.1461088535212044
Histamine,1.9057784698951776,0.16119276210365308,0.2623961724016853,False,0.564370642217179
L-Arogenate,1.8952522685260773,0.16293608622589567,0.26448265554515077,False,0.39554166075385155
L-2-Hydroxyglutaric_acid,1.8810410379064666,0.16532135891669653,0.26759643689058504,False,0.49847372569641735
L-beta-Phenylalanine,1.870741449838985,0.1670731006619995,0.2696701033220443,False,0.4493516879203322
Homovanillic_acid,1.8620258116200827,0.16857073953335086,0.27132312851856755,False,0.4152605177956999
(3R)-beta-Leucine,1.832060547494096,0.17382866480238493,0.27900231073323967,False,0.2606208831400113
D-Mannose,1.8241234027675253,0.17525011941974875,0.2804980961662459,False,0.6905749007064048
D-Arabitol,1.7898743878111494,0.1815254574681174,0.28973283322905646,False,0.6977616832768563
Uric_acid,1.7734359120643712,0.18462091091491895,0.29385494987291266,False,0.5449276594629702
Taurine,1.767510406540739,0.18575026682874046,0.29483352601902574,False,0.6430226649434995
Dodecanoic_acid,1.7420483456866844,0.19068628945301747,0.3014808108212756,False,0.6094322761684201
L-Valine,1.7405019826519024,0.19099046130562483,0.3014808108212756,False,0.6823303660506206
N-Acetyl-beta-alanine,1.686823960503785,0.2018702988231106,0.31777934402649005,False,0.05465509377654256
2-Hydroxy-3-oxoadipate,1.6631379922367742,0.20687544730128413,0.324766113160646,False,0.5749463474748611
Phosphoglycolic_acid,1.6537630818842106,0.20889212482673897,0.32703603149104216,False,0.40446333195563966
Alpha-dimorphecolic_acid,1.6427610014222849,0.21128501467696176,0.3298809629697523,False,0.7855404108132992
Quinic_acid,1.6383868598267888,0.2122442902987341,0.33047820201406153,False,0.7835057808999587
2-Pyrocatechuic_acid,1.632451530077164,0.21355320827566257,0.3316151445581427,False,0.7296841168978061
O-Acetyl-L-homoserine,1.622970999208208,0.21566142188591367,0.3334863532259757,False,0.6933539571179841
6-Hydroxynicotinic_acid,1.6196834274594516,0.21639754048598583,0.3334863532259757,False,0.35017619277744416
Gluconic_acid,1.6192079118015719,0.2165042293194816,0.3334863532259757,False,0.3547391818967141
(S)-3-Hydroxy-N-methylcoclaurine,1.6163136709765569,0.2171547761861964,0.3335916534978299,False,0.8153405784833557
Neocnidilide,1.5803304439455885,0.22541474029550215,0.3453546689554084,False,0.745265791358014
2-Furoate,1.573869900183438,0.22693199802290093,0.3467520929789926,False,0.6592471426152704
5'-Methylthioadenosine,1.5478906113229407,0.23314100160079623,0.35529200509908576,False,0.5036808277248127
Galactitol,1.545013138626634,0.23383946214511778,0.35541117190756627,False,0.5206814579536342
4-Hydroxyphenylpyruvic_acid,1.532890617956044,0.23680588831570062,0.35896765609760967,False,0.25388426786193247
Isopyridoxal,1.520870754607678,0.2397856580585835,0.36252554635242307,False,0.748960195002273
beta-Alanyl-L-lysine,1.5139508207701962,0.24151869542059154,0.36418476967368146,False,0.1311297379994812
Uracil,1.4958746164185002,0.24610703698055092,0.36947680076397516,False,0.7976713248533682
Dolichotheline,1.4950524116468564,0.24631786717598342,0.36947680076397516,False,0.4208902896279768
Umbelliferone,1.4570552070509664,0.25626704457848615,0.38339691003517645,False,0.1198595094451264
Phloretin,1.4516384617717473,0.2577186903530613,0.3835300229103655,False,0.1031630262078166
Myristic_acid,1.451067597724042,0.25787216916013156,0.3835300229103655,False,0.8020956958915819
Methyl_beta-D-galactoside,1.4492404751071883,0.2583640293951153,0.3835300229103655,False,0.6351568225233805
epsilon-(gamma-L-Glutamyl)-L-lysine,1.4366916528556695,0.26176831361618547,0.3875794410906312,False,0.3472887678226981
"N-Methyl-(R,S)-tetrahydrobenzylisoquinoline",1.423041155863484,0.2655237947661953,0.3919421599985707,False,0.3543385354072309
Genistein,1.4194415805065008,0.26652327551444166,0.3919421599985707,False,0.7161176074794429
Pyroglutamic_acid,1.4185662232380827,0.26676691518227325,0.3919421599985707,False,0.5512951941801744
3-Indoleacetonitrile,1.407459377848977,0.26987819438367217,0.39549924650088014,False,0.7120558613178617
L-Kynurenine,1.3954650028630236,0.27327983893366753,0.39946262170661095,False,0.624028376002157
Metoclopramide,1.3824527880620727,0.27701976384914967,0.403899045001432,False,0.704517559948952
5-(2-Hydroxyethyl)-4-methylthiazole,1.3760692529360905,0.2788735736093982,0.4055699433456476,False,0.19517644607013634
N-Acetylputrescine,1.3635055097462623,0.2825592110387091,0.40988969094982364,False,0.7839451478094661
L-Threonine,1.3575469122133879,0.28432452107393735,0.41140896609940936,False,0.3998920244851921
Harman,1.3543011430860277,0.2852908445627999,0.4117673902631847,False,0.22896029260079925
Nonadecanoic_acid,1.3497062619107747,0.2866645442951787,0.4127105122641643,False,0.6818700645177318
Estrone,1.336545427939291,0.29063651267957563,0.4165142847627305,False,0.5483146594167234
L-Prolinamide,1.3361378561392794,0.2907604082113302,0.4165142847627305,False,0.30932216516528316
Sorbitol,1.3240242087448948,0.29446736916367516,0.42077257488974035,False,0.6437135595313831
Glutaric_acid,1.3126325296261936,0.29799715856507064,0.42475714392483954,False,0.5147412717711881
Phenylbutazone,1.3022352513348043,0.30125625503463804,0.4279181435619235,False,0.4500970643752112
Ricinoleic_acid,1.3008017153369666,0.30170842931765635,0.4279181435619235,False,0.5228296708966272
Mesaconate,1.2601911868979052,0.31480698340810254,0.44539358393294504,False,0.6275433386825666
Salicyluric_acid,1.2429489520223558,0.32054027688872067,0.4523881247715196,False,0.14940539659665628
Nalidixic_Acid,1.2390562374882166,0.3218491176041889,0.45311927367862465,False,0.5646543918952379
Mannitol,1.2159568637967835,0.3297268309459751,0.4630722405197151,False,0.4082454357053301
alpha-D-Mannose,1.2091608408017538,0.33208107658880726,0.46399213109571114,False,0.5963999187203354
Styrene_Oxide,1.2086814368586372,0.33224778276433065,0.46399213109571114,False,0.7459223192991056
Ornithine,1.207063231129192,0.3328111097388085,0.46399213109571114,False,0.3020214442424771
Indole-3-carboxylic_acid,1.1998046830577491,0.33534970720433416,0.4663965588060278,False,0.6409228204322679
4-Amino-4-deoxychorismate,1.1738656300375867,0.34458046469169246,0.4780741071872634,False,0.6559273581772694
Mannobiose,1.1681744368024543,0.34663934227669807,0.47976894474528503,False,0.32373718424220543
Cholesterol_sulfate,1.1633646050845095,0.3483888988814142,0.4810285278531334,False,0.1780669841124445
Tryptamine,1.144286644075768,0.35541510970835355,0.4895501390934774,False,0.514170269882116
Succinic_acid,1.1338866280417412,0.3593042086425561,0.4937201715879727,False,0.5393653321252054
Arachidic_acid,1.1281215953960027,0.3614781280075489,0.4955190606419271,False,0.5507685463207829
Guanidoacetic_acid,1.1215235557034298,0.36398208858623676,0.4977607082575505,False,0.711290930751476
4a-Carbinolamine_tetrahydrobiopterin,1.1066944043320264,0.36967226298457584,0.5032872136331469,False,0.3588544824651953
N-Acetylhistamine_,1.1064159057378695,0.369779959754895,0.5032872136331469,False,0.1829372179604769
"meso-2,6-Diaminoheptanedioate",1.0988382830027263,0.3727221163001732,0.5060895086255907,False,0.5022211997771293
Indolepyruvate,1.0721185692280824,0.3832807198204772,0.5191958686929868,False,0.1994752505292048
Diisobutyl_phthalate,1.0617115296954796,0.38747175406094686,0.5236351770682135,False,0.14311030447713596
alpha-Ketoisovaleric_acid,1.0579423085422268,0.38900064490211705,0.5244643988915602,False,0.7039377606088183
Practolol,1.054499814011694,0.3904021329038794,0.5251183618636688,False,0.3890669670116832
L-Phenylalanine,1.0491337461634296,0.39259652491706293,0.5268332758254732,False,0.2746940616442584
L-Glutamic_acid,1.0431803667166113,0.3950451014017034,0.528880474540131,False,0.2846217406278317
D-Glycero-D-galacto-heptitol,1.0362441566245422,0.39791658065564917,0.5314829853512517,False,0.6096217460435459
gamma-Glutamylcysteine,1.0134071726250957,0.407513988963645,0.5355631093490105,False,0.5053894147228924
Vanillylmandelic_acid,1.0144249096522882,0.40708156577926574,0.5355631093490105,False,0.15701000757755865
"12,13-DHOME",1.0156629755396864,0.40655612326723817,0.5355631093490105,False,0.12670941890736065
L-Theanine,1.0224672406560782,0.4036799962152565,0.5355631093490105,False,0.6717395563307852
4-Oxoglutaramate,1.0189393697424007,0.4051687519516953,0.5355631093490105,False,0.3141194639792839
Cadaverine,1.0215492602832252,0.40406687392770485,0.5355631093490105,False,0.40441925073670487
4-Aminophenol,1.0180938138533426,0.40552636067317177,0.5355631093490105,False,0.40527667024223823
Isoniazid,1.0094420327526459,0.4092029444576655,0.5365521445634835,False,0.2825459581212221
m-Cresol,0.9892194741571557,0.4179218409114771,0.546733367219809,False,0.5405013725966952
Dimethylglycine,0.9834683660319705,0.4204337264858826,0.5487665723836236,False,0.5924308310686001
5-Methylbarbiturate,0.9808479875034523,0.4215829935053209,0.5490160347239748,False,0.3781920442952272
Sotalol,0.9717544704022204,0.42559458521625027,0.5517323468979897,False,0.6656049102274961
Iminoarginine,0.9723376071962703,0.42533624787834234,0.5517323468979897,False,0.3933493867663418
Desaminotyrosine,0.9649596737579943,0.42861579305889075,0.5543946939565336,False,0.2784822483919508
3-Hydroxypicolinic_acid,0.9617966021749478,0.4300291483743328,0.5549700495911998,False,0.520203988907549
2-Deoxystreptamine,0.9351958295617587,0.44209101225313685,0.5692542697102189,False,0.07068756265166225
Adipic_acid,0.9237116706605576,0.44739635719741755,0.5747939746056507,False,0.6687125246196988
4-Pyridoxic_acid,0.9115703223068863,0.45307019344352284,0.5807812546826366,False,0.640634105265797
Leucine,0.8771776153609021,0.46950838074388923,0.5986850129335005,False,0.2924808701075745
3-Methyl-2-oxovaleric_acid,0.879985170400631,0.46814606059032027,0.5986850129335005,False,0.6264590500759917
L-Arabinose,0.8758137845582519,0.4701714761257858,0.5986850129335005,False,0.05671603071532313
1-Pyrroline-4-hydroxy-2-carboxylate,0.8649541981566897,0.4754822588668858,0.6041049541701231,False,0.46692552805650867
4-Hydroxybenzoic_acid,0.853989148607525,0.4809004257398496,0.6096370441348093,False,0.3249204285699308
Palmitoleic_acid,0.8515907782516979,0.4820930356005242,0.609799799998014,False,0.19286361662850798
Gabapentin,0.8310731954106969,0.49240615307589675,0.6198735666480913,False,0.4110140667480425
Dehydroepiandrosterone,0.8295380424595349,0.49318578225554055,0.6198735666480913,False,0.6081690053208805
1-Pyrroline-2-carboxylic_acid,0.8293083569095755,0.4933025242435072,0.6198735666480913,False,0.2500900009410383
Ribitol,0.8107243623190237,0.5028311229401458,0.6293263758205601,False,0.3413535286957714
Cyanuric_acid,0.810355754955443,0.5030217803242871,0.6293263758205601,False,0.5479959851982427
"trans-1,2-Cyclohexanediol",0.8062093173523057,0.5051709333415915,0.6306382239754508,False,0.11064836193833465
Mefenamic_acid,0.7933662003293032,0.5118797840332545,0.6334926916869436,False,0.5341870072888908
Dibutyl_phthalate,0.7934132529558566,0.5118550612005921,0.6334926916869436,False,0.2776547765132222
Epsilon-caprolactam,0.7968374382704135,0.5100587385354118,0.6334926916869436,False,0.23707344122649004
"1,2,3-Trihydroxybenzene",0.7946890568989158,0.511185120344577,0.6334926916869436,False,0.5887885092246782
4-Guanidinobutanal,0.779167172851647,0.5193888592224211,0.6414004662380329,False,0.4423734749506133
5-Hydroxypentanoic_acid,0.7754437873930501,0.5213739700115239,0.6420653677141875,False,0.17810398720537807
2-Benzylmalic_acid,0.773957306144681,0.5221683444237546,0.6420653677141875,False,0.5369940847580571
2-Methyl-3-oxopropanoic_acid,0.7659237659185634,0.5264798644856006,0.6459806474309403,False,0.5399718381367201
5-Acetamidovalerate,0.7475417809103502,0.536462316731641,0.6540274627387879,False,0.3035639284681518
Di-2-propenyl_sulfide,0.7498246650538526,0.5352137138772256,0.6540274627387879,False,0.19048670060167192
Hydroxykynurenine,0.7490182323196395,0.5356544974650506,0.6540274627387879,False,0.14498881050317727
alpha-Tocopherol,0.7422744938993081,0.5393528170380948,0.6561553379253254,False,0.369307630692277
3-(2-Hydroxyphenyl)propanoic_acid,0.7254145871365344,0.5486950991475699,0.6661065504482151,False,0.5613009792884086
N-Methylhydantoin,0.7217011794075052,0.5507712161392873,0.6672133337163035,False,0.4662627390316191
p-Octopamine,0.7177568528204364,0.5529837410625544,0.6684803452085311,False,0.5640378948027982
Palmitic_acid,0.7116686505792678,0.556413618232634,0.671210533152209,False,0.30057571696306096
N-Acetyl-L-phenylalanine,0.7079713634101119,0.5585052858192516,0.67231833776141,False,0.4182578040522442
1D-chiro-Inositol,0.7031346179409987,0.5612515562353435,0.6742078442827082,False,0.2143757897733122
Butyryl-L-carnitine,0.6802319565539164,0.5744089140151871,0.687267706797741,False,0.3781994339986208
(2E)-Decenoyl-ACP,0.6800366229552113,0.5745222191206246,0.687267706797741,False,0.5323739443819917
Phenylacetic_acid,0.6772505284414101,0.5761403192007328,0.6873430361224939,False,0.09803315858473424
Citramalic_acid,0.6757998934371356,0.5769842938480272,0.6873430361224939,False,0.3343842508291844
S-Hexyl-glutathione,0.6644308730120365,0.5836337794472473,0.6938218996333458,False,0.388880208194416
4-Hydroxy-3-methoxybenzenemethanol,0.6535569947327255,0.5900516623828688,0.6995333723145649,False,0.21952185766530533
Phenyllactate,0.6521607364855512,0.590879846771814,0.6995333723145649,False,0.22919845439549583
Norepinephrine,0.6490362308772373,0.5927365051559367,0.7002845720708283,False,0.13941945260609886
Vanillic_acid,0.6466441175642078,0.5941611050693731,0.7005232781990758,False,0.23535515277661445
(S)-2-Propylpiperidine,0.6441467729988671,0.5956512832219524,0.7008381628052951,False,0.5298217712424719
"(R)-5,6-Dihydrothymine",0.6134371308586964,0.6142174059195745,0.7212019950654021,False,0.42477670909458054
1-Methylhistidine,0.5796235031026414,0.6351696393497919,0.7268009508825085,False,0.2497342189954379
Senecionine,0.5796514738428548,0.635152090562693,0.7268009508825085,False,0.25659612410476984
(S)-N-Methylcoclaurine,0.5819459689068494,0.6337137408169515,0.7268009508825085,False,0.21588144456054142
Homogentisic_acid,0.5826083011371833,0.6332989905579265,0.7268009508825085,False,0.4152823091780082
9(S)-HPODE,0.585204262587002,0.631675337203181,0.7268009508825085,False,0.19049547552855645
Pyridoxine,0.5853219708473612,0.6316017890839714,0.7268009508825085,False,0.5270477571832614
L-Isoleucine,0.5791366022358778,0.6354751769496279,0.7268009508825085,False,0.4889925171547924
Thymine,0.5895352223120426,0.628973382085426,0.7268009508825085,False,0.2852914681289432
Xanthine,0.5905688640971614,0.6283297951455704,0.7268009508825085,False,0.15366455209557286
"(2'E,4'Z,8E)-Colneleic_acid",0.5989347643809031,0.6231389480345421,0.7268009508825085,False,0.26562130045335947
N6-Acetyl-L-lysine,0.6000433162393489,0.6224535420139895,0.7268009508825085,False,0.14068054113607578
6-Aminohexanoate,0.6009039941854998,0.6219217862482327,0.7268009508825085,False,0.06756321036901608
Inosine,0.588223899447821,0.6297905699144384,0.7268009508825085,False,0.4099858914988459
D-Phenylalanine,0.5755198998759,0.6377480792154901,0.7279475087459679,False,0.15849278844385664
Aminohydroquinone,0.5404250459585976,0.6601069167468765,0.7519707023776546,False,0.10283262164673064
L-Arabitol,0.5353813376505707,0.6633646402608315,0.7541824183917787,False,0.4232025394240948
(E)-3-(4-Hydroxyphenyl)-2-propenal,0.5242798018619031,0.670573407700682,0.7595730798243757,False,0.11798035066962079
4-Hydroxybenzaldehyde,0.5229914095365827,0.6714134009930253,0.7595730798243757,False,0.10981731389235659
"(Z)-But-1-ene-1,2,4-tricarboxylate",0.5219651549804382,0.6720829868603115,0.7595730798243757,False,0.3643169283227604
Pyrrole-2-carboxylic_acid,0.5103731416329212,0.6796766946831202,0.7666432008925745,False,0.4529114094814134
3-Methoxyanthranilate,0.49279198050108325,0.6912982886488286,0.7782198809347324,False,0.35157789973485737
L-Tyrosine,0.4884672171078185,0.6941758899373736,0.7799270292825785,False,0.47985938056063254
"L-2,4-diaminobutyric_acid",0.4852834513880452,0.696298948803761,0.7807814044316145,False,0.15356424521533335
(-)-Bornesitol,0.4798872332274396,0.699906264027309,0.7832935337649376,False,0.35680982237757347
(3S)-6-Acetamido-3-aminohexanoate,0.47670416772770235,0.7020393063839225,0.7841491667797029,False,0.25405935131455615
Hydrocinnamic_acid,0.47256085318583635,0.7048215384078216,0.7857251780305092,False,0.13579718728964005
6-Acetyl-D-glucose,0.4654650603204194,0.7096011285203029,0.7895173721206477,False,0.30742652160765443
16-Hydroxy_hexadecanoic_acid,0.4608938555529924,0.7126899169988605,0.7914172915510603,False,0.3002318222203398
13S-hydroxyoctadecadienoic_acid,0.45064904152903434,0.7196393516444357,0.797588681803214,False,0.293022415086553
3-Hydroxy-5-methyl-L-tyrosine,0.44834005263655025,0.7212106648371581,0.7977870867793274,False,0.1259133961910929
"7-Isopropyl-1,4-dimethylazulene",0.44568398933047504,0.7230204177704709,0.7982479756887858,False,0.04200487921520684
L-Proline,0.43820065300821137,0.7281320320609145,0.799271368526636,False,0.17118553175262605
2-Hydroxyphenethylamine,0.44016073792566596,0.726791370534029,0.799271368526636,False,0.24558591975801555
Cytidine,0.43836331704750475,0.7280207249648588,0.799271368526636,False,0.3132808228780782
Urocanic_acid,0.42926406977768855,0.7342602312182241,0.8044571940497944,False,0.21602909908557
Niacinamide,0.4248938380286162,0.7372662630347464,0.8052012521963708,False,0.42668014296015705
3-Hydroxymethylglutaric_acid,0.4215510333636127,0.7395695424118978,0.8052012521963708,False,0.33018323409634237
"(S)-2,3,4,5-tetrahydropyridine-2-carboxylate",0.42147893972824996,0.739619254056322,0.8052012521963708,False,0.3377641467003368
Aminoadipic_acid,0.4186884154273522,0.7415446350434882,0.8052012521963708,False,0.14897454208683492
5-Hydroxyindoleacetic_acid,0.4180788121565211,0.7419655517621009,0.8052012521963708,False,0.28720091656175034
Dethiobiotin,0.40451917210508737,0.7513557902643225,0.813850411760788,False,0.224013334836905
12-Hydroxydodecanoic_acid,0.3876205633351245,0.7631274591753232,0.8250415737876607,False,0.13991029517908354
L-Erythrulose,0.3788851742745931,0.7692398093353726,0.8279794640404665,False,0.13253315372105604
L-Iditol,0.37839768622057424,0.7695814216265882,0.8279794640404665,False,0.20917151757362604
Stearic_acid,0.3775438932716304,0.7701798504948842,0.8279794640404665,False,0.22954060282971284
Metanephrine,0.3695099685988723,0.7758183990138778,0.8314884560950655,False,0.21636159004311012
Metyrapone,0.3687590226070291,0.776346115202199,0.8314884560950655,False,0.09435091113840599
7-Mercaptoheptanoylthreonine,0.3639513131829161,0.779727235930458,0.8335516906495382,False,0.11205658013911356
L-Leucine,0.358593424044941,0.7835002877438912,0.836025446698789,False,0.2464385170694732
11-Dehydrocorticosterone,0.34811466663515955,0.7908932968698175,0.8423454630230583,False,0.05365542271500885
Fructose-1P,0.34393808503086,0.7938445342547107,0.8439200707383102,False,0.1579154260783106
Isonicotinic_acid,0.3370644558422256,0.7987064597354002,0.846772157567858,False,0.09564602808947768
Cyclohexylamine,0.33498517614749845,0.8001782847640306,0.846772157567858,False,0.06238950483331532
N-Carbamoylputrescine,0.3338800372357629,0.8009607493922845,0.846772157567858,False,0.31858207119363025
Guanosine,0.3301705886732608,0.8035880218003945,0.8479851500766594,False,0.25105391672566246
"2',4'-Dihydroxyacetophenone",0.3250556907200894,0.8072127576044102,0.8492709848953879,False,0.18530092160529446
"2,3-Butanediol",0.324268449379976,0.8077708320558227,0.8492709848953879,False,0.22615542785984513
p-Anisic_acid,0.31997565665062944,0.8108147432982576,0.8509099778569627,False,0.15986776389246665
"N6,N6,N6-Trimethyl-L-lysine",0.3096930461524328,0.8181098109520148,0.8569962005036645,False,0.12365035206345275
2-Ketobutyric_acid,0.3070739358485983,0.8199685127369173,0.857375835398273,False,0.17491990572211713
5-Guanidino-3-methyl-2-oxopentanoate,0.30115357813418187,0.824170279208707,0.8601995810320385,False,0.27947847981061585
"(1S,2R,4S)-(-)-Bornyl_acetate",0.26645930719231126,0.8487614440511686,0.8832854696316706,False,0.34361141699859105
Isovaleric_acid,0.26559533167437954,0.8493722404311528,0.8832854696316706,False,0.3662921579024781
Indoxyl,0.22791736752372319,0.8758483552058843,0.9091686730669778,False,0.17753567074857798
Imidazolelactic_acid,0.2213959860376997,0.8803869059551721,0.9108921296755934,False,0.15613218097235276
Succinic_acid_semialdehyde,0.22096245128808323,0.8806880276444655,0.9108921296755934,False,0.3242209025422873
D-Glucose,0.2156724348518343,0.8843559298727673,0.9130377438145869,False,0.0510701671910595
Tropate,0.20139125763265084,0.8941923178271086,0.9215327304225418,False,0.26568113213620037
L-Tryptophan,0.19282649179804828,0.9000386409055144,0.9258925336424771,False,0.10196691711618444
2-Methylbenzoic_acid,0.18215065589641183,0.9072613071266488,0.9316500519418812,False,0.13803798788619015
(+)-7-Isojasmonic_acid,0.17862622204008044,0.9096283273049388,0.9324097165397673,False,0.28077522805833
D-Cathinone,0.17075124831355262,0.9148828782659515,0.9361212307971254,False,0.1389330214772775
Isophorone,0.14627200204968674,0.9308649474481012,0.9487950596186133,False,0.1689443647476879
"D-Gulono-1,4-lactone",0.14574754593245917,0.9312007245565143,0.9487950596186133,False,0.200644678333292
Exemestane,0.1441264245897912,0.932236681614798,0.9487950596186133,False,0.2514727160789817
Methylmalonic_acid,0.13516052964730518,0.9379107246158417,0.9528773851150306,False,0.061466470684696045
L-Allothreonine,0.12530940556578166,0.9440276807105806,0.9573944443312614,False,0.22576551242345266
2-Isopropylmalic_acid,0.09999045988484352,0.9590802471745453,0.9709416636590361,False,0.19743019583977123
(6Z)-Octadecenoic_acid,0.0968475176859015,0.9608709812531597,0.9710389281447276,False,0.1948440927752326
(S)-Abscisic_acid,0.09117062280961963,0.9640558360093097,0.9725422430164339,False,0.12061706566411141
D-Xylitol,0.08610644896916225,0.9668399422233003,0.9736367080737277,False,0.05677997594223042
gamma-Aminobutyric_acid,0.07913431698375863,0.9705784742503609,0.9756867820095733,False,0.2341576705181219
"Fructose_1,6-bisphosphate",0.06458082346153582,0.9779872891072446,0.9814128137626115,False,0.12747508705246058
13-OxoODE,0.052330542959127466,0.983742251722699,0.9854620808341024,False,0.16775669638371998
Normetanephrine,0.011972786804046974,0.9981456806858906,0.9981456806858906,False,0.047883201730742266
